2020-02631,NordForsk: Nordisk utlysning om Hållbar Akvakultur
2020-02633,NordForsk: Nordisk utlysning om Hållbar Akvakultur
2020-02636,NordForsk: Nordisk utlysning om Hållbar Akvakultur
2020-02637,NordForsk: Nordisk utlysning om Hållbar Akvakultur
2020-02639,NordForsk: Nordisk utlysning om Hållbar Akvakultur
2020-02844,Omställningsmöjligheter och samhällseffekter av covid-19
2020-02849,Omställningsmöjligheter och samhällseffekter av covid-19
2020-02850,Omställningsmöjligheter och samhällseffekter av covid-19
2020-02859,Omställningsmöjligheter och samhällseffekter av covid-19
2020-02864,Omställningsmöjligheter och samhällseffekter av covid-19
2020-02865,Omställningsmöjligheter och samhällseffekter av covid-19
2020-02869,Omställningsmöjligheter och samhällseffekter av covid-19
2020-02870,Omställningsmöjligheter och samhällseffekter av covid-19
2020-02872,Omställningsmöjligheter och samhällseffekter av covid-19
2020-02875,Omställningsmöjligheter och samhällseffekter av covid-19
2020-02881,Omställningsmöjligheter och samhällseffekter av covid-19
2020-02888,Omställningsmöjligheter och samhällseffekter av covid-19
2020-02922,Omställningsmöjligheter och samhällseffekter av covid-19
2020-02933,Omställningsmöjligheter och samhällseffekter av covid-19
2020-02934,Omställningsmöjligheter och samhällseffekter av covid-19
2020-02942,Omställningsmöjligheter och samhällseffekter av covid-19
2020-02947,Omställningsmöjligheter och samhällseffekter av covid-19
2020-02954,Omställningsmöjligheter och samhällseffekter av covid-19
2020-02957,Omställningsmöjligheter och samhällseffekter av covid-19
2020-02965,Omställningsmöjligheter och samhällseffekter av covid-19
2020-02985,Internationellt nätverksbidrag för Agenda 2030
2020-02993,Internationellt nätverksbidrag för Agenda 2030
2020-02998,Internationellt nätverksbidrag för Agenda 2030
2020-03001,Internationellt nätverksbidrag för Agenda 2030
2020-03005,Internationellt nätverksbidrag för Agenda 2030
2020-03012,Internationellt nätverksbidrag för Agenda 2030
2020-03013,Internationellt nätverksbidrag för Agenda 2030
2020-03017,Internationellt nätverksbidrag för Agenda 2030
2020-03020,Internationellt nätverksbidrag för Agenda 2030
2020-03024,Internationellt nätverksbidrag för Agenda 2030
2020-00664,Årliga öppna utlysningen 2020 – forskningsprojekt till forskare tidigt i karriären
2020-00670,Årliga öppna utlysningen 2020 – forskningsprojekt till forskare tidigt i karriären
2020-00673,Årliga öppna utlysningen 2020 – forskningsprojekt till forskare tidigt i karriären
2020-00688,Årliga öppna utlysningen 2020 – forskningsprojekt till forskare tidigt i karriären
2020-00692,Årliga öppna utlysningen 2020 – forskningsprojekt till forskare tidigt i karriären
2020-00698,Årliga öppna utlysningen 2020 – forskningsprojekt till forskare tidigt i karriären
2020-00706,Årliga öppna utlysningen 2020 – forskningsprojekt till forskare tidigt i karriären
2020-00712,Årliga öppna utlysningen 2020 – forskningsprojekt till forskare tidigt i karriären
2020-00714,Årliga öppna utlysningen 2020 – forskningsprojekt till forskare tidigt i karriären
2020-00721,Årliga öppna utlysningen 2020 – forskningsprojekt till forskare tidigt i karriären
2020-00730,Årliga öppna utlysningen 2020 – forskningsprojekt till forskare tidigt i karriären
2020-00733,Årliga öppna utlysningen 2020 – forskningsprojekt till forskare tidigt i karriären
2020-00745,Årliga öppna utlysningen 2020 – forskningsprojekt till forskare tidigt i karriären
2020-00784,Årliga öppna utlysningen 2020 – forskningsprojekt till forskare tidigt i karriären
2020-00786,Årliga öppna utlysningen 2020 – forskningsprojekt till forskare tidigt i karriären
2020-00793,Årliga öppna utlysningen 2020 – forskningsprojekt till forskare tidigt i karriären
2020-00807,Årliga öppna utlysningen 2020 – forskningsprojekt till forskare tidigt i karriären
2020-00815,Årliga öppna utlysningen 2020 – forskningsprojekt till forskare tidigt i karriären
2020-00825,Årliga öppna utlysningen 2020 – forskningsprojekt till forskare tidigt i karriären
2020-00831,Årliga öppna utlysningen 2020 – forskningsprojekt till forskare tidigt i karriären
2020-00843,Årliga öppna utlysningen 2020 – forskningsprojekt till forskare tidigt i karriären
2020-00854,Årliga öppna utlysningen 2020 – forskningsprojekt till forskare tidigt i karriären
2020-00861,Årliga öppna utlysningen 2020 – forskningsprojekt till forskare tidigt i karriären
2020-00862,Årliga öppna utlysningen 2020 – forskningsprojekt till forskare tidigt i karriären
2020-00864,Årliga öppna utlysningen 2020 – forskningsprojekt till forskare tidigt i karriären
2020-00867,Årliga öppna utlysningen 2020 – forskningsprojekt till forskare tidigt i karriären
2020-00879,Årliga öppna utlysningen 2020 – forskningsprojekt till forskare tidigt i karriären
2020-00880,Årliga öppna utlysningen 2020 – forskningsprojekt till forskare tidigt i karriären
2020-00908,Årliga öppna utlysningen 2020 – forskningsprojekt till forskare tidigt i karriären
2020-00910,Årliga öppna utlysningen 2020 – forskningsprojekt till forskare tidigt i karriären
2020-00913,Årliga öppna utlysningen 2020 – forskningsprojekt till forskare tidigt i karriären
2020-00920,Årliga öppna utlysningen 2020 – forskningsprojekt till forskare tidigt i karriären
2020-00921,Årliga öppna utlysningen 2020 – forskningsprojekt till forskare tidigt i karriären
2020-00934,Årliga öppna utlysningen 2020 – forskningsprojekt till forskare tidigt i karriären
2020-00935,Årliga öppna utlysningen 2020 – forskningsprojekt till forskare tidigt i karriären
2020-00936,Årliga öppna utlysningen 2020 – forskningsprojekt till forskare tidigt i karriären
2020-00949,Årliga öppna utlysningen 2020 – forskningsprojekt till forskare tidigt i karriären
2020-00950,Årliga öppna utlysningen 2020 – forskningsprojekt till forskare tidigt i karriären
2020-00956,Årliga öppna utlysningen 2020 – forskningsprojekt till forskare tidigt i karriären
2020-00962,Årliga öppna utlysningen 2020 – forskningsprojekt till forskare tidigt i karriären
2020-00969,Årliga öppna utlysningen 2020 – forskningsprojekt till forskare tidigt i karriären
2020-00970,Årliga öppna utlysningen 2020 – forskningsprojekt till forskare tidigt i karriären
2020-00974,Årliga öppna utlysningen 2020 – forskningsprojekt till forskare tidigt i karriären
2020-00976,Årliga öppna utlysningen 2020 – forskningsprojekt till forskare tidigt i karriären
2020-00981,Årliga öppna utlysningen 2020 – forskningsprojekt till forskare tidigt i karriären
2020-00982,Årliga öppna utlysningen 2020 – forskningsprojekt till forskare tidigt i karriären
2020-00988,Årliga öppna utlysningen 2020 – forskningsprojekt till forskare tidigt i karriären
2020-00989,Årliga öppna utlysningen 2020 – forskningsprojekt till forskare tidigt i karriären
2020-00997,Årliga öppna utlysningen 2020 – forskningsprojekt till forskare tidigt i karriären
2020-01000,Årliga öppna utlysningen 2020 – forskningsprojekt till forskare tidigt i karriären
2020-01004,Årliga öppna utlysningen 2020 – forskningsprojekt till forskare tidigt i karriären
2020-01007,Årliga öppna utlysningen 2020 – forskningsprojekt till forskare tidigt i karriären
2020-01013,Årliga öppna utlysningen 2020 – forskningsprojekt till forskare tidigt i karriären
2020-01028,Årliga öppna utlysningen 2020 – forskningsprojekt till forskare tidigt i karriären
2020-01039,Årliga öppna utlysningen 2020 – forskningsprojekt till forskare tidigt i karriären
2020-01041,Årliga öppna utlysningen 2020 – forskningsprojekt till forskare tidigt i karriären
2020-01042,Årliga öppna utlysningen 2020 – forskningsprojekt till forskare tidigt i karriären
2020-01048,Årliga öppna utlysningen 2020 – forskningsprojekt till forskare tidigt i karriären
2020-01052,Årliga öppna utlysningen 2020 – forskningsprojekt till forskare tidigt i karriären
2020-01061,Årliga öppna utlysningen 2020 – forskningsprojekt till forskare tidigt i karriären
2020-01062,Årliga öppna utlysningen 2020 – forskningsprojekt till forskare tidigt i karriären
2020-01067,Årliga öppna utlysningen 2020 – forskningsprojekt till forskare tidigt i karriären
2020-01071,Årliga öppna utlysningen 2020 – forskningsprojekt till forskare tidigt i karriären
2020-01072,Årliga öppna utlysningen 2020 – forskningsprojekt till forskare tidigt i karriären
2020-01073,Årliga öppna utlysningen 2020 – forskningsprojekt till forskare tidigt i karriären
2020-01637,Årliga öppna utlysningen 2020 – forskningsprojekt till forskare tidigt i karriären
2020-01653,Årliga öppna utlysningen 2020 – forskningsprojekt till forskare tidigt i karriären
2020-01690,Årliga öppna utlysningen 2020 – forskningsprojekt till forskare tidigt i karriären
2020-01696,Årliga öppna utlysningen 2020 – forskningsprojekt till forskare tidigt i karriären
2020-01703,Årliga öppna utlysningen 2020 – forskningsprojekt till forskare tidigt i karriären
2020-01722,Årliga öppna utlysningen 2020 – forskningsprojekt till forskare tidigt i karriären
2020-01739,Årliga öppna utlysningen 2020 – forskningsprojekt till forskare tidigt i karriären
2020-01768,Årliga öppna utlysningen 2020 – forskningsprojekt till forskare tidigt i karriären
2020-01784,Årliga öppna utlysningen 2020 – forskningsprojekt till forskare tidigt i karriären
2020-01791,Årliga öppna utlysningen 2020 – forskningsprojekt till forskare tidigt i karriären
2020-01795,Årliga öppna utlysningen 2020 – forskningsprojekt till forskare tidigt i karriären
2020-01825,Årliga öppna utlysningen 2020 – forskningsprojekt till forskare tidigt i karriären
2020-02152,Årliga öppna utlysningen 2020 – forskningsprojekt till forskare tidigt i karriären
2020-02185,Årliga öppna utlysningen 2020 – forskningsprojekt till forskare tidigt i karriären
2020-01085,Årliga öppna utlysningen 2020 – forskningsprojekt
2020-01091,Årliga öppna utlysningen 2020 – forskningsprojekt
2020-01099,Årliga öppna utlysningen 2020 – forskningsprojekt
2020-01100,Årliga öppna utlysningen 2020 – forskningsprojekt
2020-01105,Årliga öppna utlysningen 2020 – forskningsprojekt
2020-01107,Årliga öppna utlysningen 2020 – forskningsprojekt
2020-01110,Årliga öppna utlysningen 2020 – forskningsprojekt
2020-01113,Årliga öppna utlysningen 2020 – forskningsprojekt
2020-01123,Årliga öppna utlysningen 2020 – forskningsprojekt
2020-01127,Årliga öppna utlysningen 2020 – forskningsprojekt
2020-01128,Årliga öppna utlysningen 2020 – forskningsprojekt
2020-01129,Årliga öppna utlysningen 2020 – forskningsprojekt
2020-01135,Årliga öppna utlysningen 2020 – forskningsprojekt
2020-01146,Årliga öppna utlysningen 2020 – forskningsprojekt
2020-01163,Årliga öppna utlysningen 2020 – forskningsprojekt
2020-01165,Årliga öppna utlysningen 2020 – forskningsprojekt
2020-01172,Årliga öppna utlysningen 2020 – forskningsprojekt
2020-01173,Årliga öppna utlysningen 2020 – forskningsprojekt
2020-01184,Årliga öppna utlysningen 2020 – forskningsprojekt
2020-01199,Årliga öppna utlysningen 2020 – forskningsprojekt
2020-01201,Årliga öppna utlysningen 2020 – forskningsprojekt
2020-01211,Årliga öppna utlysningen 2020 – forskningsprojekt
2020-01222,Årliga öppna utlysningen 2020 – forskningsprojekt
2020-01225,Årliga öppna utlysningen 2020 – forskningsprojekt
2020-01235,Årliga öppna utlysningen 2020 – forskningsprojekt
2020-01258,Årliga öppna utlysningen 2020 – forskningsprojekt
2020-01267,Årliga öppna utlysningen 2020 – forskningsprojekt
2020-01274,Årliga öppna utlysningen 2020 – forskningsprojekt
2020-01277,Årliga öppna utlysningen 2020 – forskningsprojekt
2020-01286,Årliga öppna utlysningen 2020 – forskningsprojekt
2020-01290,Årliga öppna utlysningen 2020 – forskningsprojekt
2020-01295,Årliga öppna utlysningen 2020 – forskningsprojekt
2020-01326,Årliga öppna utlysningen 2020 – forskningsprojekt
2020-01327,Årliga öppna utlysningen 2020 – forskningsprojekt
2020-01333,Årliga öppna utlysningen 2020 – forskningsprojekt
2020-01338,Årliga öppna utlysningen 2020 – forskningsprojekt
2020-01341,Årliga öppna utlysningen 2020 – forskningsprojekt
2020-01349,Årliga öppna utlysningen 2020 – forskningsprojekt
2020-01370,Årliga öppna utlysningen 2020 – forskningsprojekt
2020-01372,Årliga öppna utlysningen 2020 – forskningsprojekt
2020-01402,Årliga öppna utlysningen 2020 – forskningsprojekt
2020-01406,Årliga öppna utlysningen 2020 – forskningsprojekt
2020-01407,Årliga öppna utlysningen 2020 – forskningsprojekt
2020-01436,Årliga öppna utlysningen 2020 – forskningsprojekt
2020-01446,Årliga öppna utlysningen 2020 – forskningsprojekt
2020-01456,Årliga öppna utlysningen 2020 – forskningsprojekt
2020-01460,Årliga öppna utlysningen 2020 – forskningsprojekt
2020-01466,Årliga öppna utlysningen 2020 – forskningsprojekt
2020-01479,Årliga öppna utlysningen 2020 – forskningsprojekt
2020-01483,Årliga öppna utlysningen 2020 – forskningsprojekt
2020-01490,Årliga öppna utlysningen 2020 – forskningsprojekt
2020-01497,Årliga öppna utlysningen 2020 – forskningsprojekt
2020-01511,Årliga öppna utlysningen 2020 – forskningsprojekt
2020-01514,Årliga öppna utlysningen 2020 – forskningsprojekt
2020-01533,Årliga öppna utlysningen 2020 – forskningsprojekt
2020-01536,Årliga öppna utlysningen 2020 – forskningsprojekt
2020-01542,Årliga öppna utlysningen 2020 – forskningsprojekt
2020-01544,Årliga öppna utlysningen 2020 – forskningsprojekt
2020-01551,Årliga öppna utlysningen 2020 – forskningsprojekt
2020-01552,Årliga öppna utlysningen 2020 – forskningsprojekt
2020-01557,Årliga öppna utlysningen 2020 – forskningsprojekt
2020-01575,Årliga öppna utlysningen 2020 – forskningsprojekt
2020-01577,Årliga öppna utlysningen 2020 – forskningsprojekt
2020-01586,Årliga öppna utlysningen 2020 – forskningsprojekt
2020-01603,Årliga öppna utlysningen 2020 – forskningsprojekt
2020-01614,Årliga öppna utlysningen 2020 – forskningsprojekt
2020-01616,Årliga öppna utlysningen 2020 – forskningsprojekt
2020-01621,Årliga öppna utlysningen 2020 – forskningsprojekt
2020-01630,Årliga öppna utlysningen 2020 – forskningsprojekt
2020-01828,Årliga öppna utlysningen 2020 – forskningsprojekt
2020-01832,Årliga öppna utlysningen 2020 – forskningsprojekt
2020-01840,Årliga öppna utlysningen 2020 – forskningsprojekt
2020-01845,Årliga öppna utlysningen 2020 – forskningsprojekt
2020-01855,Årliga öppna utlysningen 2020 – forskningsprojekt
2020-01860,Årliga öppna utlysningen 2020 – forskningsprojekt
2020-01868,Årliga öppna utlysningen 2020 – forskningsprojekt
2020-01887,Årliga öppna utlysningen 2020 – forskningsprojekt
2020-01890,Årliga öppna utlysningen 2020 – forskningsprojekt
2020-01895,Årliga öppna utlysningen 2020 – forskningsprojekt
2020-01905,Årliga öppna utlysningen 2020 – forskningsprojekt
2020-01907,Årliga öppna utlysningen 2020 – forskningsprojekt
2020-01910,Årliga öppna utlysningen 2020 – forskningsprojekt
2020-01917,Årliga öppna utlysningen 2020 – forskningsprojekt
2020-01928,Årliga öppna utlysningen 2020 – forskningsprojekt
2020-01931,Årliga öppna utlysningen 2020 – forskningsprojekt
2020-01951,Årliga öppna utlysningen 2020 – forskningsprojekt
2020-01959,Årliga öppna utlysningen 2020 – forskningsprojekt
2020-01961,Årliga öppna utlysningen 2020 – forskningsprojekt
2020-01978,Årliga öppna utlysningen 2020 – forskningsprojekt
2020-01979,Årliga öppna utlysningen 2020 – forskningsprojekt
2020-01990,Årliga öppna utlysningen 2020 – forskningsprojekt
2020-01992,Årliga öppna utlysningen 2020 – forskningsprojekt
2020-01993,Årliga öppna utlysningen 2020 – forskningsprojekt
2020-01999,Årliga öppna utlysningen 2020 – forskningsprojekt
2020-02009,Årliga öppna utlysningen 2020 – forskningsprojekt
2020-02028,Årliga öppna utlysningen 2020 – forskningsprojekt
2020-02029,Årliga öppna utlysningen 2020 – forskningsprojekt
2020-02032,Årliga öppna utlysningen 2020 – forskningsprojekt
2020-02034,Årliga öppna utlysningen 2020 – forskningsprojekt
2020-02046,Årliga öppna utlysningen 2020 – forskningsprojekt
2020-02072,Årliga öppna utlysningen 2020 – forskningsprojekt
2020-02085,Årliga öppna utlysningen 2020 – forskningsprojekt
2020-02089,Årliga öppna utlysningen 2020 – forskningsprojekt
2020-02093,Årliga öppna utlysningen 2020 – forskningsprojekt
2020-02108,Årliga öppna utlysningen 2020 – forskningsprojekt
2020-02121,Årliga öppna utlysningen 2020 – forskningsprojekt
2020-02125,Årliga öppna utlysningen 2020 – forskningsprojekt
2020-02173,Årliga öppna utlysningen 2020 – forskningsprojekt
2020-02190,Årliga öppna utlysningen 2020 – forskningsprojekt
2020-00371,Att förverkliga de globala hållbarhetsmålen
2020-00396,Att förverkliga de globala hållbarhetsmålen
2020-00397,Att förverkliga de globala hållbarhetsmålen
2020-00402,Att förverkliga de globala hållbarhetsmålen
2020-00418,Att förverkliga de globala hållbarhetsmålen
2020-00437,Att förverkliga de globala hållbarhetsmålen
2020-00446,Att förverkliga de globala hållbarhetsmålen
2020-00454,Att förverkliga de globala hållbarhetsmålen
2020-00474,Att förverkliga de globala hållbarhetsmålen
2020-00478,Att förverkliga de globala hållbarhetsmålen
2020-00512,Att förverkliga de globala hållbarhetsmålen
2020-02293,Mobilitetsstöd 2020
2020-02304,Mobilitetsstöd 2020
2020-02321,Mobilitetsstöd 2020
2020-02254,Mobilitetsstöd 2020
2020-02305,Mobilitetsstöd 2020
2020-02299,Mobilitetsstöd 2020
2020-02320,Mobilitetsstöd 2020
2020-02319,Mobilitetsstöd 2020
2020-02267,Mobilitetsstöd 2020
2020-02277,Mobilitetsstöd 2020
2020-02281,Mobilitetsstöd 2020
2020-02275,Mobilitetsstöd 2020
2020-02288,Mobilitetsstöd 2020
2020-02302,Mobilitetsstöd 2020
2020-02834,Centrumbildningar för hållbarhet och konkurrenskraft i livsmedelssystemet
2020-02839,Centrumbildningar för hållbarhet och konkurrenskraft i livsmedelssystemet
2020-02843,Centrumbildningar för hållbarhet och konkurrenskraft i livsmedelssystemet
2020-02977,Centrumbildningar för hållbarhet och konkurrenskraft i livsmedelssystemet
2020-02507,Åtgärder för ökad djurvälfärd
2020-02515,Åtgärder för ökad djurvälfärd
2020-02520,Åtgärder för ökad djurvälfärd
2020-02525,Åtgärder för ökad djurvälfärd
2020-02529,Åtgärder för ökad djurvälfärd
2020-02534,Åtgärder för ökad djurvälfärd
2020-02547,Åtgärder för ökad djurvälfärd
2020-02554,Åtgärder för ökad djurvälfärd
2019-02025,Ökad rörlighet mellan akademi och praktik
2019-02026,Ökad rörlighet mellan akademi och praktik
2019-02033,Ökad rörlighet mellan akademi och praktik
2019-02034,Ökad rörlighet mellan akademi och praktik
2019-02035,Ökad rörlighet mellan akademi och praktik
2019-02037,Ökad rörlighet mellan akademi och praktik
2019-02040,Ökad rörlighet mellan akademi och praktik
2019-02042,Ökad rörlighet mellan akademi och praktik
2019-02043,Ökad rörlighet mellan akademi och praktik
2019-02046,Ökad rörlighet mellan akademi och praktik
2019-02048,Ökad rörlighet mellan akademi och praktik
2019-02049,Ökad rörlighet mellan akademi och praktik
2019-02051,Ökad rörlighet mellan akademi och praktik
2019-02052,Ökad rörlighet mellan akademi och praktik
2019-00265,Årliga öppna utlysningen 2019 – mobilitetsstöd till forskare tidigt i karriären
2019-00269,Årliga öppna utlysningen 2019 – mobilitetsstöd till forskare tidigt i karriären
2019-00275,Årliga öppna utlysningen 2019 – mobilitetsstöd till forskare tidigt i karriären
2019-00284,Årliga öppna utlysningen 2019 – mobilitetsstöd till forskare tidigt i karriären
2019-00288,Årliga öppna utlysningen 2019 – mobilitetsstöd till forskare tidigt i karriären
2019-00290,Årliga öppna utlysningen 2019 – mobilitetsstöd till forskare tidigt i karriären
2019-00299,Årliga öppna utlysningen 2019 – mobilitetsstöd till forskare tidigt i karriären
2019-00310,Årliga öppna utlysningen 2019 – mobilitetsstöd till forskare tidigt i karriären
2019-00314,Årliga öppna utlysningen 2019 – mobilitetsstöd till forskare tidigt i karriären
2019-00320,Årliga öppna utlysningen 2019 – mobilitetsstöd till forskare tidigt i karriären
2019-00324,Årliga öppna utlysningen 2019 – mobilitetsstöd till forskare tidigt i karriären
2019-00327,Årliga öppna utlysningen 2019 – mobilitetsstöd till forskare tidigt i karriären
2019-00334,Årliga öppna utlysningen 2019 – mobilitetsstöd till forskare tidigt i karriären
2019-00338,Årliga öppna utlysningen 2019 – mobilitetsstöd till forskare tidigt i karriären
2019-00349,Årliga öppna utlysningen 2019 – mobilitetsstöd till forskare tidigt i karriären
2019-00353,Årliga öppna utlysningen 2019 – mobilitetsstöd till forskare tidigt i karriären
2019-00354,Årliga öppna utlysningen 2019 – mobilitetsstöd till forskare tidigt i karriären
2019-00375,Årliga öppna utlysningen 2019 – mobilitetsstöd till forskare tidigt i karriären
2019-00376,Årliga öppna utlysningen 2019 – mobilitetsstöd till forskare tidigt i karriären
2019-00388,Årliga öppna utlysningen 2019 – mobilitetsstöd till forskare tidigt i karriären
2019-00389,Årliga öppna utlysningen 2019 – mobilitetsstöd till forskare tidigt i karriären
2019-00390,Årliga öppna utlysningen 2019 – mobilitetsstöd till forskare tidigt i karriären
2019-00392,Årliga öppna utlysningen 2019 – mobilitetsstöd till forskare tidigt i karriären
2019-00393,Årliga öppna utlysningen 2019 – mobilitetsstöd till forskare tidigt i karriären
2019-00403,Årliga öppna utlysningen 2019 – mobilitetsstöd till forskare tidigt i karriären
2019-00407,Årliga öppna utlysningen 2019 – mobilitetsstöd till forskare tidigt i karriären
2019-00421,Årliga öppna utlysningen 2019 – mobilitetsstöd till forskare tidigt i karriären
2019-00425,Årliga öppna utlysningen 2019 – mobilitetsstöd till forskare tidigt i karriären
2019-00427,Årliga öppna utlysningen 2019 – mobilitetsstöd till forskare tidigt i karriären
2019-00431,Årliga öppna utlysningen 2019 – mobilitetsstöd till forskare tidigt i karriären
2019-00432,Årliga öppna utlysningen 2019 – mobilitetsstöd till forskare tidigt i karriären
2019-00438,Årliga öppna utlysningen 2019 – mobilitetsstöd till forskare tidigt i karriären
2019-00439,Årliga öppna utlysningen 2019 – mobilitetsstöd till forskare tidigt i karriären
2019-00445,Årliga öppna utlysningen 2019 – mobilitetsstöd till forskare tidigt i karriären
2019-00451,Årliga öppna utlysningen 2019 – mobilitetsstöd till forskare tidigt i karriären
2019-00456,Årliga öppna utlysningen 2019 – mobilitetsstöd till forskare tidigt i karriären
2019-00458,Årliga öppna utlysningen 2019 – mobilitetsstöd till forskare tidigt i karriären
2019-00461,Årliga öppna utlysningen 2019 – mobilitetsstöd till forskare tidigt i karriären
2019-00474,Årliga öppna utlysningen 2019 – mobilitetsstöd till forskare tidigt i karriären
2019-00481,Årliga öppna utlysningen 2019 – mobilitetsstöd till forskare tidigt i karriären
2019-00482,Årliga öppna utlysningen 2019 – mobilitetsstöd till forskare tidigt i karriären
2019-00492,Årliga öppna utlysningen 2019 – mobilitetsstöd till forskare tidigt i karriären
2019-00495,Årliga öppna utlysningen 2019 – mobilitetsstöd till forskare tidigt i karriären
2019-00497,Årliga öppna utlysningen 2019 – mobilitetsstöd till forskare tidigt i karriären
2019-00509,Årliga öppna utlysningen 2019 – mobilitetsstöd till forskare tidigt i karriären
2019-00510,Årliga öppna utlysningen 2019 – mobilitetsstöd till forskare tidigt i karriären
2019-00512,Årliga öppna utlysningen 2019 – mobilitetsstöd till forskare tidigt i karriären
2019-00518,Årliga öppna utlysningen 2019 – mobilitetsstöd till forskare tidigt i karriären
2019-00520,Årliga öppna utlysningen 2019 – mobilitetsstöd till forskare tidigt i karriären
2019-00521,Årliga öppna utlysningen 2019 – mobilitetsstöd till forskare tidigt i karriären
2019-00522,Årliga öppna utlysningen 2019 – mobilitetsstöd till forskare tidigt i karriären
2019-00527,Årliga öppna utlysningen 2019 – mobilitetsstöd till forskare tidigt i karriären
2019-00533,Årliga öppna utlysningen 2019 – mobilitetsstöd till forskare tidigt i karriären
2019-00539,Årliga öppna utlysningen 2019 – mobilitetsstöd till forskare tidigt i karriären
2019-00543,Årliga öppna utlysningen 2019 – mobilitetsstöd till forskare tidigt i karriären
2019-00548,Årliga öppna utlysningen 2019 – mobilitetsstöd till forskare tidigt i karriären
2019-00557,Årliga öppna utlysningen 2019 – mobilitetsstöd till forskare tidigt i karriären
2019-00567,Årliga öppna utlysningen 2019 – mobilitetsstöd till forskare tidigt i karriären
2019-00579,Årliga öppna utlysningen 2019 – mobilitetsstöd till forskare tidigt i karriären
2019-00582,Årliga öppna utlysningen 2019 – mobilitetsstöd till forskare tidigt i karriären
2019-00583,Årliga öppna utlysningen 2019 – mobilitetsstöd till forskare tidigt i karriären
2019-00586,Årliga öppna utlysningen 2019 – mobilitetsstöd till forskare tidigt i karriären
2019-00588,Årliga öppna utlysningen 2019 – mobilitetsstöd till forskare tidigt i karriären
2019-00589,Årliga öppna utlysningen 2019 – mobilitetsstöd till forskare tidigt i karriären
2019-00590,Årliga öppna utlysningen 2019 – mobilitetsstöd till forskare tidigt i karriären
2019-00597,Årliga öppna utlysningen 2019 – mobilitetsstöd till forskare tidigt i karriären
2019-00599,Årliga öppna utlysningen 2019 – mobilitetsstöd till forskare tidigt i karriären
2019-00611,Årliga öppna utlysningen 2019 – mobilitetsstöd till forskare tidigt i karriären
2019-00615,Årliga öppna utlysningen 2019 – mobilitetsstöd till forskare tidigt i karriären
2019-00635,Årliga öppna utlysningen 2019 – mobilitetsstöd till forskare tidigt i karriären
2019-00637,Årliga öppna utlysningen 2019 – mobilitetsstöd till forskare tidigt i karriären
2019-00638,Årliga öppna utlysningen 2019 – mobilitetsstöd till forskare tidigt i karriären
2019-00642,Årliga öppna utlysningen 2019 – mobilitetsstöd till forskare tidigt i karriären
2019-00649,Årliga öppna utlysningen 2019 – mobilitetsstöd till forskare tidigt i karriären
2019-00654,Årliga öppna utlysningen 2019 – mobilitetsstöd till forskare tidigt i karriären
2019-00664,Årliga öppna utlysningen 2019 – mobilitetsstöd till forskare tidigt i karriären
2019-00666,Årliga öppna utlysningen 2019 – mobilitetsstöd till forskare tidigt i karriären
2019-00667,Årliga öppna utlysningen 2019 – mobilitetsstöd till forskare tidigt i karriären
2019-00669,Årliga öppna utlysningen 2019 – mobilitetsstöd till forskare tidigt i karriären
2019-00670,Årliga öppna utlysningen 2019 – mobilitetsstöd till forskare tidigt i karriären
2019-00673,Årliga öppna utlysningen 2019 – mobilitetsstöd till forskare tidigt i karriären
2019-00679,Årliga öppna utlysningen 2019 – mobilitetsstöd till forskare tidigt i karriären
2019-00683,Årliga öppna utlysningen 2019 – mobilitetsstöd till forskare tidigt i karriären
2019-00687,Årliga öppna utlysningen 2019 – mobilitetsstöd till forskare tidigt i karriären
2019-00696,Årliga öppna utlysningen 2019 – mobilitetsstöd till forskare tidigt i karriären
2019-00699,Årliga öppna utlysningen 2019 – mobilitetsstöd till forskare tidigt i karriären
2019-00709,Årliga öppna utlysningen 2019 – mobilitetsstöd till forskare tidigt i karriären
2019-00727,Årliga öppna utlysningen 2019 – mobilitetsstöd till forskare tidigt i karriären
2019-00732,Årliga öppna utlysningen 2019 – mobilitetsstöd till forskare tidigt i karriären
2019-00773,Årliga öppna utlysningen 2019 – mobilitetsstöd till forskare tidigt i karriären
2019-00774,Årliga öppna utlysningen 2019 – mobilitetsstöd till forskare tidigt i karriären
2019-00778,Årliga öppna utlysningen 2019 – mobilitetsstöd till forskare tidigt i karriären
2019-00798,Årliga öppna utlysningen 2019 – mobilitetsstöd till forskare tidigt i karriären
2019-00809,Årliga öppna utlysningen 2019 – mobilitetsstöd till forskare tidigt i karriären
2019-00813,Årliga öppna utlysningen 2019 – mobilitetsstöd till forskare tidigt i karriären
2019-00814,Årliga öppna utlysningen 2019 – mobilitetsstöd till forskare tidigt i karriären
2019-00823,Årliga öppna utlysningen 2019 – mobilitetsstöd till forskare tidigt i karriären
2019-00829,Årliga öppna utlysningen 2019 – mobilitetsstöd till forskare tidigt i karriären
2019-00835,Årliga öppna utlysningen 2019 – mobilitetsstöd till forskare tidigt i karriären
2019-00836,Årliga öppna utlysningen 2019 – mobilitetsstöd till forskare tidigt i karriären
2019-00855,Årliga öppna utlysningen 2019 – mobilitetsstöd till forskare tidigt i karriären
2019-00863,Årliga öppna utlysningen 2019 – mobilitetsstöd till forskare tidigt i karriären
2019-00869,Årliga öppna utlysningen 2019 – mobilitetsstöd till forskare tidigt i karriären
2019-00871,Årliga öppna utlysningen 2019 – mobilitetsstöd till forskare tidigt i karriären
2019-00874,Årliga öppna utlysningen 2019 – mobilitetsstöd till forskare tidigt i karriären
2019-00881,Årliga öppna utlysningen 2019 – mobilitetsstöd till forskare tidigt i karriären
2019-00882,Årliga öppna utlysningen 2019 – mobilitetsstöd till forskare tidigt i karriären
2019-00883,Årliga öppna utlysningen 2019 – mobilitetsstöd till forskare tidigt i karriären
2019-00889,Årliga öppna utlysningen 2019 – mobilitetsstöd till forskare tidigt i karriären
2019-00890,Årliga öppna utlysningen 2019 – mobilitetsstöd till forskare tidigt i karriären
2019-00893,Årliga öppna utlysningen 2019 – mobilitetsstöd till forskare tidigt i karriären
2019-00904,Årliga öppna utlysningen 2019 – mobilitetsstöd till forskare tidigt i karriären
2019-00908,Årliga öppna utlysningen 2019 – mobilitetsstöd till forskare tidigt i karriären
2019-00909,Årliga öppna utlysningen 2019 – mobilitetsstöd till forskare tidigt i karriären
2019-00912,Årliga öppna utlysningen 2019 – mobilitetsstöd till forskare tidigt i karriären
2019-00916,Årliga öppna utlysningen 2019 – mobilitetsstöd till forskare tidigt i karriären
2019-00919,Årliga öppna utlysningen 2019 – mobilitetsstöd till forskare tidigt i karriären
2019-00923,Årliga öppna utlysningen 2019 – mobilitetsstöd till forskare tidigt i karriären
2019-00927,Årliga öppna utlysningen 2019 – mobilitetsstöd till forskare tidigt i karriären
2019-00928,Årliga öppna utlysningen 2019 – mobilitetsstöd till forskare tidigt i karriären
2019-00948,Årliga öppna utlysningen 2019 – mobilitetsstöd till forskare tidigt i karriären
2019-00954,Årliga öppna utlysningen 2019 – mobilitetsstöd till forskare tidigt i karriären
2019-00961,Årliga öppna utlysningen 2019 – mobilitetsstöd till forskare tidigt i karriären
2019-00986,Årliga öppna utlysningen 2019 – mobilitetsstöd till forskare tidigt i karriären
2019-00993,Årliga öppna utlysningen 2019 – mobilitetsstöd till forskare tidigt i karriären
2019-01007,Årliga öppna utlysningen 2019 – mobilitetsstöd till forskare tidigt i karriären
2019-01008,Årliga öppna utlysningen 2019 – mobilitetsstöd till forskare tidigt i karriären
2019-01016,Årliga öppna utlysningen 2019 – mobilitetsstöd till forskare tidigt i karriären
2019-01035,Årliga öppna utlysningen 2019 – mobilitetsstöd till forskare tidigt i karriären
2019-01047,Årliga öppna utlysningen 2019 – mobilitetsstöd till forskare tidigt i karriären
2019-01071,Årliga öppna utlysningen 2019 – mobilitetsstöd till forskare tidigt i karriären
2019-01078,Årliga öppna utlysningen 2019 – mobilitetsstöd till forskare tidigt i karriären
2019-00265,Årliga öppna utlysningen 2019 – forsknings- och utvecklingsprojekt till forskare tidigt i karriären
2019-00269,Årliga öppna utlysningen 2019 – forsknings- och utvecklingsprojekt till forskare tidigt i karriären
2019-00275,Årliga öppna utlysningen 2019 – forsknings- och utvecklingsprojekt till forskare tidigt i karriären
2019-00284,Årliga öppna utlysningen 2019 – forsknings- och utvecklingsprojekt till forskare tidigt i karriären
2019-00288,Årliga öppna utlysningen 2019 – forsknings- och utvecklingsprojekt till forskare tidigt i karriären
2019-00290,Årliga öppna utlysningen 2019 – forsknings- och utvecklingsprojekt till forskare tidigt i karriären
2019-00299,Årliga öppna utlysningen 2019 – forsknings- och utvecklingsprojekt till forskare tidigt i karriären
2019-00310,Årliga öppna utlysningen 2019 – forsknings- och utvecklingsprojekt till forskare tidigt i karriären
2019-00314,Årliga öppna utlysningen 2019 – forsknings- och utvecklingsprojekt till forskare tidigt i karriären
2019-00320,Årliga öppna utlysningen 2019 – forsknings- och utvecklingsprojekt till forskare tidigt i karriären
2019-00324,Årliga öppna utlysningen 2019 – forsknings- och utvecklingsprojekt till forskare tidigt i karriären
2019-00327,Årliga öppna utlysningen 2019 – forsknings- och utvecklingsprojekt till forskare tidigt i karriären
2019-00334,Årliga öppna utlysningen 2019 – forsknings- och utvecklingsprojekt till forskare tidigt i karriären
2019-00338,Årliga öppna utlysningen 2019 – forsknings- och utvecklingsprojekt till forskare tidigt i karriären
2019-00349,Årliga öppna utlysningen 2019 – forsknings- och utvecklingsprojekt till forskare tidigt i karriären
2019-00353,Årliga öppna utlysningen 2019 – forsknings- och utvecklingsprojekt till forskare tidigt i karriären
2019-00354,Årliga öppna utlysningen 2019 – forsknings- och utvecklingsprojekt till forskare tidigt i karriären
2019-00375,Årliga öppna utlysningen 2019 – forsknings- och utvecklingsprojekt till forskare tidigt i karriären
2019-00376,Årliga öppna utlysningen 2019 – forsknings- och utvecklingsprojekt till forskare tidigt i karriären
2019-00388,Årliga öppna utlysningen 2019 – forsknings- och utvecklingsprojekt till forskare tidigt i karriären
2019-00389,Årliga öppna utlysningen 2019 – forsknings- och utvecklingsprojekt till forskare tidigt i karriären
2019-00390,Årliga öppna utlysningen 2019 – forsknings- och utvecklingsprojekt till forskare tidigt i karriären
2019-00392,Årliga öppna utlysningen 2019 – forsknings- och utvecklingsprojekt till forskare tidigt i karriären
2019-00393,Årliga öppna utlysningen 2019 – forsknings- och utvecklingsprojekt till forskare tidigt i karriären
2019-00403,Årliga öppna utlysningen 2019 – forsknings- och utvecklingsprojekt till forskare tidigt i karriären
2019-00407,Årliga öppna utlysningen 2019 – forsknings- och utvecklingsprojekt till forskare tidigt i karriären
2019-00421,Årliga öppna utlysningen 2019 – forsknings- och utvecklingsprojekt till forskare tidigt i karriären
2019-00425,Årliga öppna utlysningen 2019 – forsknings- och utvecklingsprojekt till forskare tidigt i karriären
2019-00427,Årliga öppna utlysningen 2019 – forsknings- och utvecklingsprojekt till forskare tidigt i karriären
2019-00431,Årliga öppna utlysningen 2019 – forsknings- och utvecklingsprojekt till forskare tidigt i karriären
2019-00432,Årliga öppna utlysningen 2019 – forsknings- och utvecklingsprojekt till forskare tidigt i karriären
2019-00438,Årliga öppna utlysningen 2019 – forsknings- och utvecklingsprojekt till forskare tidigt i karriären
2019-00439,Årliga öppna utlysningen 2019 – forsknings- och utvecklingsprojekt till forskare tidigt i karriären
2019-00445,Årliga öppna utlysningen 2019 – forsknings- och utvecklingsprojekt till forskare tidigt i karriären
2019-00451,Årliga öppna utlysningen 2019 – forsknings- och utvecklingsprojekt till forskare tidigt i karriären
2019-00456,Årliga öppna utlysningen 2019 – forsknings- och utvecklingsprojekt till forskare tidigt i karriären
2019-00458,Årliga öppna utlysningen 2019 – forsknings- och utvecklingsprojekt till forskare tidigt i karriären
2019-00461,Årliga öppna utlysningen 2019 – forsknings- och utvecklingsprojekt till forskare tidigt i karriären
2019-00474,Årliga öppna utlysningen 2019 – forsknings- och utvecklingsprojekt till forskare tidigt i karriären
2019-00481,Årliga öppna utlysningen 2019 – forsknings- och utvecklingsprojekt till forskare tidigt i karriären
2019-00482,Årliga öppna utlysningen 2019 – forsknings- och utvecklingsprojekt till forskare tidigt i karriären
2019-00492,Årliga öppna utlysningen 2019 – forsknings- och utvecklingsprojekt till forskare tidigt i karriären
2019-00495,Årliga öppna utlysningen 2019 – forsknings- och utvecklingsprojekt till forskare tidigt i karriären
2019-00497,Årliga öppna utlysningen 2019 – forsknings- och utvecklingsprojekt till forskare tidigt i karriären
2019-00509,Årliga öppna utlysningen 2019 – forsknings- och utvecklingsprojekt till forskare tidigt i karriären
2019-00510,Årliga öppna utlysningen 2019 – forsknings- och utvecklingsprojekt till forskare tidigt i karriären
2019-00512,Årliga öppna utlysningen 2019 – forsknings- och utvecklingsprojekt till forskare tidigt i karriären
2019-00518,Årliga öppna utlysningen 2019 – forsknings- och utvecklingsprojekt till forskare tidigt i karriären
2019-00520,Årliga öppna utlysningen 2019 – forsknings- och utvecklingsprojekt till forskare tidigt i karriären
2019-00521,Årliga öppna utlysningen 2019 – forsknings- och utvecklingsprojekt till forskare tidigt i karriären
2019-00522,Årliga öppna utlysningen 2019 – forsknings- och utvecklingsprojekt till forskare tidigt i karriären
2019-00527,Årliga öppna utlysningen 2019 – forsknings- och utvecklingsprojekt till forskare tidigt i karriären
2019-00533,Årliga öppna utlysningen 2019 – forsknings- och utvecklingsprojekt till forskare tidigt i karriären
2019-00539,Årliga öppna utlysningen 2019 – forsknings- och utvecklingsprojekt till forskare tidigt i karriären
2019-00543,Årliga öppna utlysningen 2019 – forsknings- och utvecklingsprojekt till forskare tidigt i karriären
2019-00548,Årliga öppna utlysningen 2019 – forsknings- och utvecklingsprojekt till forskare tidigt i karriären
2019-00557,Årliga öppna utlysningen 2019 – forsknings- och utvecklingsprojekt till forskare tidigt i karriären
2019-00567,Årliga öppna utlysningen 2019 – forsknings- och utvecklingsprojekt till forskare tidigt i karriären
2019-00579,Årliga öppna utlysningen 2019 – forsknings- och utvecklingsprojekt till forskare tidigt i karriären
2019-00582,Årliga öppna utlysningen 2019 – forsknings- och utvecklingsprojekt till forskare tidigt i karriären
2019-00583,Årliga öppna utlysningen 2019 – forsknings- och utvecklingsprojekt till forskare tidigt i karriären
2019-00586,Årliga öppna utlysningen 2019 – forsknings- och utvecklingsprojekt till forskare tidigt i karriären
2019-00588,Årliga öppna utlysningen 2019 – forsknings- och utvecklingsprojekt till forskare tidigt i karriären
2019-00589,Årliga öppna utlysningen 2019 – forsknings- och utvecklingsprojekt till forskare tidigt i karriären
2019-00590,Årliga öppna utlysningen 2019 – forsknings- och utvecklingsprojekt till forskare tidigt i karriären
2019-00597,Årliga öppna utlysningen 2019 – forsknings- och utvecklingsprojekt till forskare tidigt i karriären
2019-00599,Årliga öppna utlysningen 2019 – forsknings- och utvecklingsprojekt till forskare tidigt i karriären
2019-00611,Årliga öppna utlysningen 2019 – forsknings- och utvecklingsprojekt till forskare tidigt i karriären
2019-00615,Årliga öppna utlysningen 2019 – forsknings- och utvecklingsprojekt till forskare tidigt i karriären
2019-00635,Årliga öppna utlysningen 2019 – forsknings- och utvecklingsprojekt till forskare tidigt i karriären
2019-00637,Årliga öppna utlysningen 2019 – forsknings- och utvecklingsprojekt till forskare tidigt i karriären
2019-00638,Årliga öppna utlysningen 2019 – forsknings- och utvecklingsprojekt till forskare tidigt i karriären
2019-00642,Årliga öppna utlysningen 2019 – forsknings- och utvecklingsprojekt till forskare tidigt i karriären
2019-00649,Årliga öppna utlysningen 2019 – forsknings- och utvecklingsprojekt till forskare tidigt i karriären
2019-00654,Årliga öppna utlysningen 2019 – forsknings- och utvecklingsprojekt till forskare tidigt i karriären
2019-00664,Årliga öppna utlysningen 2019 – forsknings- och utvecklingsprojekt till forskare tidigt i karriären
2019-00666,Årliga öppna utlysningen 2019 – forsknings- och utvecklingsprojekt till forskare tidigt i karriären
2019-00667,Årliga öppna utlysningen 2019 – forsknings- och utvecklingsprojekt till forskare tidigt i karriären
2019-00669,Årliga öppna utlysningen 2019 – forsknings- och utvecklingsprojekt till forskare tidigt i karriären
2019-00670,Årliga öppna utlysningen 2019 – forsknings- och utvecklingsprojekt till forskare tidigt i karriären
2019-00673,Årliga öppna utlysningen 2019 – forsknings- och utvecklingsprojekt till forskare tidigt i karriären
2019-00679,Årliga öppna utlysningen 2019 – forsknings- och utvecklingsprojekt till forskare tidigt i karriären
2019-00683,Årliga öppna utlysningen 2019 – forsknings- och utvecklingsprojekt till forskare tidigt i karriären
2019-00687,Årliga öppna utlysningen 2019 – forsknings- och utvecklingsprojekt till forskare tidigt i karriären
2019-00696,Årliga öppna utlysningen 2019 – forsknings- och utvecklingsprojekt till forskare tidigt i karriären
2019-00699,Årliga öppna utlysningen 2019 – forsknings- och utvecklingsprojekt till forskare tidigt i karriären
2019-00709,Årliga öppna utlysningen 2019 – forsknings- och utvecklingsprojekt till forskare tidigt i karriären
2019-00727,Årliga öppna utlysningen 2019 – forsknings- och utvecklingsprojekt till forskare tidigt i karriären
2019-00732,Årliga öppna utlysningen 2019 – forsknings- och utvecklingsprojekt till forskare tidigt i karriären
2019-00773,Årliga öppna utlysningen 2019 – forsknings- och utvecklingsprojekt till forskare tidigt i karriären
2019-00774,Årliga öppna utlysningen 2019 – forsknings- och utvecklingsprojekt till forskare tidigt i karriären
2019-00778,Årliga öppna utlysningen 2019 – forsknings- och utvecklingsprojekt till forskare tidigt i karriären
2019-00798,Årliga öppna utlysningen 2019 – forsknings- och utvecklingsprojekt till forskare tidigt i karriären
2019-00809,Årliga öppna utlysningen 2019 – forsknings- och utvecklingsprojekt till forskare tidigt i karriären
2019-00813,Årliga öppna utlysningen 2019 – forsknings- och utvecklingsprojekt till forskare tidigt i karriären
2019-00814,Årliga öppna utlysningen 2019 – forsknings- och utvecklingsprojekt till forskare tidigt i karriären
2019-00823,Årliga öppna utlysningen 2019 – forsknings- och utvecklingsprojekt till forskare tidigt i karriären
2019-00829,Årliga öppna utlysningen 2019 – forsknings- och utvecklingsprojekt till forskare tidigt i karriären
2019-00835,Årliga öppna utlysningen 2019 – forsknings- och utvecklingsprojekt till forskare tidigt i karriären
2019-00836,Årliga öppna utlysningen 2019 – forsknings- och utvecklingsprojekt till forskare tidigt i karriären
2019-00855,Årliga öppna utlysningen 2019 – forsknings- och utvecklingsprojekt till forskare tidigt i karriären
2019-00863,Årliga öppna utlysningen 2019 – forsknings- och utvecklingsprojekt till forskare tidigt i karriären
2019-00869,Årliga öppna utlysningen 2019 – forsknings- och utvecklingsprojekt till forskare tidigt i karriären
2019-00871,Årliga öppna utlysningen 2019 – forsknings- och utvecklingsprojekt till forskare tidigt i karriären
2019-00874,Årliga öppna utlysningen 2019 – forsknings- och utvecklingsprojekt till forskare tidigt i karriären
2019-00881,Årliga öppna utlysningen 2019 – forsknings- och utvecklingsprojekt till forskare tidigt i karriären
2019-00882,Årliga öppna utlysningen 2019 – forsknings- och utvecklingsprojekt till forskare tidigt i karriären
2019-00883,Årliga öppna utlysningen 2019 – forsknings- och utvecklingsprojekt till forskare tidigt i karriären
2019-00889,Årliga öppna utlysningen 2019 – forsknings- och utvecklingsprojekt till forskare tidigt i karriären
2019-00890,Årliga öppna utlysningen 2019 – forsknings- och utvecklingsprojekt till forskare tidigt i karriären
2019-00893,Årliga öppna utlysningen 2019 – forsknings- och utvecklingsprojekt till forskare tidigt i karriären
2019-00904,Årliga öppna utlysningen 2019 – forsknings- och utvecklingsprojekt till forskare tidigt i karriären
2019-00908,Årliga öppna utlysningen 2019 – forsknings- och utvecklingsprojekt till forskare tidigt i karriären
2019-00909,Årliga öppna utlysningen 2019 – forsknings- och utvecklingsprojekt till forskare tidigt i karriären
2019-00912,Årliga öppna utlysningen 2019 – forsknings- och utvecklingsprojekt till forskare tidigt i karriären
2019-00916,Årliga öppna utlysningen 2019 – forsknings- och utvecklingsprojekt till forskare tidigt i karriären
2019-00919,Årliga öppna utlysningen 2019 – forsknings- och utvecklingsprojekt till forskare tidigt i karriären
2019-00923,Årliga öppna utlysningen 2019 – forsknings- och utvecklingsprojekt till forskare tidigt i karriären
2019-00927,Årliga öppna utlysningen 2019 – forsknings- och utvecklingsprojekt till forskare tidigt i karriären
2019-00928,Årliga öppna utlysningen 2019 – forsknings- och utvecklingsprojekt till forskare tidigt i karriären
2019-00948,Årliga öppna utlysningen 2019 – forsknings- och utvecklingsprojekt till forskare tidigt i karriären
2019-00954,Årliga öppna utlysningen 2019 – forsknings- och utvecklingsprojekt till forskare tidigt i karriären
2019-00961,Årliga öppna utlysningen 2019 – forsknings- och utvecklingsprojekt till forskare tidigt i karriären
2019-00986,Årliga öppna utlysningen 2019 – forsknings- och utvecklingsprojekt till forskare tidigt i karriären
2019-00993,Årliga öppna utlysningen 2019 – forsknings- och utvecklingsprojekt till forskare tidigt i karriären
2019-01007,Årliga öppna utlysningen 2019 – forsknings- och utvecklingsprojekt till forskare tidigt i karriären
2019-01008,Årliga öppna utlysningen 2019 – forsknings- och utvecklingsprojekt till forskare tidigt i karriären
2019-01016,Årliga öppna utlysningen 2019 – forsknings- och utvecklingsprojekt till forskare tidigt i karriären
2019-01035,Årliga öppna utlysningen 2019 – forsknings- och utvecklingsprojekt till forskare tidigt i karriären
2019-01047,Årliga öppna utlysningen 2019 – forsknings- och utvecklingsprojekt till forskare tidigt i karriären
2019-01071,Årliga öppna utlysningen 2019 – forsknings- och utvecklingsprojekt till forskare tidigt i karriären
2019-01078,Årliga öppna utlysningen 2019 – forsknings- och utvecklingsprojekt till forskare tidigt i karriären
2019-00265,Årliga öppna utlysningen 2019 – forsknings- och utvecklingsprojekt
2019-00269,Årliga öppna utlysningen 2019 – forsknings- och utvecklingsprojekt
2019-00275,Årliga öppna utlysningen 2019 – forsknings- och utvecklingsprojekt
2019-00284,Årliga öppna utlysningen 2019 – forsknings- och utvecklingsprojekt
2019-00288,Årliga öppna utlysningen 2019 – forsknings- och utvecklingsprojekt
2019-00290,Årliga öppna utlysningen 2019 – forsknings- och utvecklingsprojekt
2019-00299,Årliga öppna utlysningen 2019 – forsknings- och utvecklingsprojekt
2019-00310,Årliga öppna utlysningen 2019 – forsknings- och utvecklingsprojekt
2019-00314,Årliga öppna utlysningen 2019 – forsknings- och utvecklingsprojekt
2019-00320,Årliga öppna utlysningen 2019 – forsknings- och utvecklingsprojekt
2019-00324,Årliga öppna utlysningen 2019 – forsknings- och utvecklingsprojekt
2019-00327,Årliga öppna utlysningen 2019 – forsknings- och utvecklingsprojekt
2019-00334,Årliga öppna utlysningen 2019 – forsknings- och utvecklingsprojekt
2019-00338,Årliga öppna utlysningen 2019 – forsknings- och utvecklingsprojekt
2019-00349,Årliga öppna utlysningen 2019 – forsknings- och utvecklingsprojekt
2019-00353,Årliga öppna utlysningen 2019 – forsknings- och utvecklingsprojekt
2019-00354,Årliga öppna utlysningen 2019 – forsknings- och utvecklingsprojekt
2019-00375,Årliga öppna utlysningen 2019 – forsknings- och utvecklingsprojekt
2019-00376,Årliga öppna utlysningen 2019 – forsknings- och utvecklingsprojekt
2019-00388,Årliga öppna utlysningen 2019 – forsknings- och utvecklingsprojekt
2019-00389,Årliga öppna utlysningen 2019 – forsknings- och utvecklingsprojekt
2019-00390,Årliga öppna utlysningen 2019 – forsknings- och utvecklingsprojekt
2019-00392,Årliga öppna utlysningen 2019 – forsknings- och utvecklingsprojekt
2019-00393,Årliga öppna utlysningen 2019 – forsknings- och utvecklingsprojekt
2019-00403,Årliga öppna utlysningen 2019 – forsknings- och utvecklingsprojekt
2019-00407,Årliga öppna utlysningen 2019 – forsknings- och utvecklingsprojekt
2019-00421,Årliga öppna utlysningen 2019 – forsknings- och utvecklingsprojekt
2019-00425,Årliga öppna utlysningen 2019 – forsknings- och utvecklingsprojekt
2019-00427,Årliga öppna utlysningen 2019 – forsknings- och utvecklingsprojekt
2019-00431,Årliga öppna utlysningen 2019 – forsknings- och utvecklingsprojekt
2019-00432,Årliga öppna utlysningen 2019 – forsknings- och utvecklingsprojekt
2019-00438,Årliga öppna utlysningen 2019 – forsknings- och utvecklingsprojekt
2019-00439,Årliga öppna utlysningen 2019 – forsknings- och utvecklingsprojekt
2019-00445,Årliga öppna utlysningen 2019 – forsknings- och utvecklingsprojekt
2019-00451,Årliga öppna utlysningen 2019 – forsknings- och utvecklingsprojekt
2019-00456,Årliga öppna utlysningen 2019 – forsknings- och utvecklingsprojekt
2019-00458,Årliga öppna utlysningen 2019 – forsknings- och utvecklingsprojekt
2019-00461,Årliga öppna utlysningen 2019 – forsknings- och utvecklingsprojekt
2019-00474,Årliga öppna utlysningen 2019 – forsknings- och utvecklingsprojekt
2019-00481,Årliga öppna utlysningen 2019 – forsknings- och utvecklingsprojekt
2019-00482,Årliga öppna utlysningen 2019 – forsknings- och utvecklingsprojekt
2019-00492,Årliga öppna utlysningen 2019 – forsknings- och utvecklingsprojekt
2019-00495,Årliga öppna utlysningen 2019 – forsknings- och utvecklingsprojekt
2019-00497,Årliga öppna utlysningen 2019 – forsknings- och utvecklingsprojekt
2019-00509,Årliga öppna utlysningen 2019 – forsknings- och utvecklingsprojekt
2019-00510,Årliga öppna utlysningen 2019 – forsknings- och utvecklingsprojekt
2019-00512,Årliga öppna utlysningen 2019 – forsknings- och utvecklingsprojekt
2019-00518,Årliga öppna utlysningen 2019 – forsknings- och utvecklingsprojekt
2019-00520,Årliga öppna utlysningen 2019 – forsknings- och utvecklingsprojekt
2019-00521,Årliga öppna utlysningen 2019 – forsknings- och utvecklingsprojekt
2019-00522,Årliga öppna utlysningen 2019 – forsknings- och utvecklingsprojekt
2019-00527,Årliga öppna utlysningen 2019 – forsknings- och utvecklingsprojekt
2019-00533,Årliga öppna utlysningen 2019 – forsknings- och utvecklingsprojekt
2019-00539,Årliga öppna utlysningen 2019 – forsknings- och utvecklingsprojekt
2019-00543,Årliga öppna utlysningen 2019 – forsknings- och utvecklingsprojekt
2019-00548,Årliga öppna utlysningen 2019 – forsknings- och utvecklingsprojekt
2019-00557,Årliga öppna utlysningen 2019 – forsknings- och utvecklingsprojekt
2019-00567,Årliga öppna utlysningen 2019 – forsknings- och utvecklingsprojekt
2019-00579,Årliga öppna utlysningen 2019 – forsknings- och utvecklingsprojekt
2019-00582,Årliga öppna utlysningen 2019 – forsknings- och utvecklingsprojekt
2019-00583,Årliga öppna utlysningen 2019 – forsknings- och utvecklingsprojekt
2019-00586,Årliga öppna utlysningen 2019 – forsknings- och utvecklingsprojekt
2019-00588,Årliga öppna utlysningen 2019 – forsknings- och utvecklingsprojekt
2019-00589,Årliga öppna utlysningen 2019 – forsknings- och utvecklingsprojekt
2019-00590,Årliga öppna utlysningen 2019 – forsknings- och utvecklingsprojekt
2019-00597,Årliga öppna utlysningen 2019 – forsknings- och utvecklingsprojekt
2019-00599,Årliga öppna utlysningen 2019 – forsknings- och utvecklingsprojekt
2019-00611,Årliga öppna utlysningen 2019 – forsknings- och utvecklingsprojekt
2019-00615,Årliga öppna utlysningen 2019 – forsknings- och utvecklingsprojekt
2019-00635,Årliga öppna utlysningen 2019 – forsknings- och utvecklingsprojekt
2019-00637,Årliga öppna utlysningen 2019 – forsknings- och utvecklingsprojekt
2019-00638,Årliga öppna utlysningen 2019 – forsknings- och utvecklingsprojekt
2019-00642,Årliga öppna utlysningen 2019 – forsknings- och utvecklingsprojekt
2019-00649,Årliga öppna utlysningen 2019 – forsknings- och utvecklingsprojekt
2019-00654,Årliga öppna utlysningen 2019 – forsknings- och utvecklingsprojekt
2019-00664,Årliga öppna utlysningen 2019 – forsknings- och utvecklingsprojekt
2019-00666,Årliga öppna utlysningen 2019 – forsknings- och utvecklingsprojekt
2019-00667,Årliga öppna utlysningen 2019 – forsknings- och utvecklingsprojekt
2019-00669,Årliga öppna utlysningen 2019 – forsknings- och utvecklingsprojekt
2019-00670,Årliga öppna utlysningen 2019 – forsknings- och utvecklingsprojekt
2019-00673,Årliga öppna utlysningen 2019 – forsknings- och utvecklingsprojekt
2019-00679,Årliga öppna utlysningen 2019 – forsknings- och utvecklingsprojekt
2019-00683,Årliga öppna utlysningen 2019 – forsknings- och utvecklingsprojekt
2019-00687,Årliga öppna utlysningen 2019 – forsknings- och utvecklingsprojekt
2019-00696,Årliga öppna utlysningen 2019 – forsknings- och utvecklingsprojekt
2019-00699,Årliga öppna utlysningen 2019 – forsknings- och utvecklingsprojekt
2019-00709,Årliga öppna utlysningen 2019 – forsknings- och utvecklingsprojekt
2019-00727,Årliga öppna utlysningen 2019 – forsknings- och utvecklingsprojekt
2019-00732,Årliga öppna utlysningen 2019 – forsknings- och utvecklingsprojekt
2019-00773,Årliga öppna utlysningen 2019 – forsknings- och utvecklingsprojekt
2019-00774,Årliga öppna utlysningen 2019 – forsknings- och utvecklingsprojekt
2019-00778,Årliga öppna utlysningen 2019 – forsknings- och utvecklingsprojekt
2019-00798,Årliga öppna utlysningen 2019 – forsknings- och utvecklingsprojekt
2019-00809,Årliga öppna utlysningen 2019 – forsknings- och utvecklingsprojekt
2019-00813,Årliga öppna utlysningen 2019 – forsknings- och utvecklingsprojekt
2019-00814,Årliga öppna utlysningen 2019 – forsknings- och utvecklingsprojekt
2019-00823,Årliga öppna utlysningen 2019 – forsknings- och utvecklingsprojekt
2019-00829,Årliga öppna utlysningen 2019 – forsknings- och utvecklingsprojekt
2019-00835,Årliga öppna utlysningen 2019 – forsknings- och utvecklingsprojekt
2019-00836,Årliga öppna utlysningen 2019 – forsknings- och utvecklingsprojekt
2019-00855,Årliga öppna utlysningen 2019 – forsknings- och utvecklingsprojekt
2019-00863,Årliga öppna utlysningen 2019 – forsknings- och utvecklingsprojekt
2019-00869,Årliga öppna utlysningen 2019 – forsknings- och utvecklingsprojekt
2019-00871,Årliga öppna utlysningen 2019 – forsknings- och utvecklingsprojekt
2019-00874,Årliga öppna utlysningen 2019 – forsknings- och utvecklingsprojekt
2019-00881,Årliga öppna utlysningen 2019 – forsknings- och utvecklingsprojekt
2019-00882,Årliga öppna utlysningen 2019 – forsknings- och utvecklingsprojekt
2019-00883,Årliga öppna utlysningen 2019 – forsknings- och utvecklingsprojekt
2019-00889,Årliga öppna utlysningen 2019 – forsknings- och utvecklingsprojekt
2019-00890,Årliga öppna utlysningen 2019 – forsknings- och utvecklingsprojekt
2019-00893,Årliga öppna utlysningen 2019 – forsknings- och utvecklingsprojekt
2019-00904,Årliga öppna utlysningen 2019 – forsknings- och utvecklingsprojekt
2019-00908,Årliga öppna utlysningen 2019 – forsknings- och utvecklingsprojekt
2019-00909,Årliga öppna utlysningen 2019 – forsknings- och utvecklingsprojekt
2019-00912,Årliga öppna utlysningen 2019 – forsknings- och utvecklingsprojekt
2019-00916,Årliga öppna utlysningen 2019 – forsknings- och utvecklingsprojekt
2019-00919,Årliga öppna utlysningen 2019 – forsknings- och utvecklingsprojekt
2019-00923,Årliga öppna utlysningen 2019 – forsknings- och utvecklingsprojekt
2019-00927,Årliga öppna utlysningen 2019 – forsknings- och utvecklingsprojekt
2019-00928,Årliga öppna utlysningen 2019 – forsknings- och utvecklingsprojekt
2019-00948,Årliga öppna utlysningen 2019 – forsknings- och utvecklingsprojekt
2019-00954,Årliga öppna utlysningen 2019 – forsknings- och utvecklingsprojekt
2019-00961,Årliga öppna utlysningen 2019 – forsknings- och utvecklingsprojekt
2019-00986,Årliga öppna utlysningen 2019 – forsknings- och utvecklingsprojekt
2019-00993,Årliga öppna utlysningen 2019 – forsknings- och utvecklingsprojekt
2019-01007,Årliga öppna utlysningen 2019 – forsknings- och utvecklingsprojekt
2019-01008,Årliga öppna utlysningen 2019 – forsknings- och utvecklingsprojekt
2019-01016,Årliga öppna utlysningen 2019 – forsknings- och utvecklingsprojekt
2019-01035,Årliga öppna utlysningen 2019 – forsknings- och utvecklingsprojekt
2019-01047,Årliga öppna utlysningen 2019 – forsknings- och utvecklingsprojekt
2019-01071,Årliga öppna utlysningen 2019 – forsknings- och utvecklingsprojekt
2019-01078,Årliga öppna utlysningen 2019 – forsknings- och utvecklingsprojekt
2019-01953,Visioner och förutsättningar för ett fossilfritt välfärdssamhälle
2019-01961,Visioner och förutsättningar för ett fossilfritt välfärdssamhälle
2019-01962,Visioner och förutsättningar för ett fossilfritt välfärdssamhälle
2019-01967,Visioner och förutsättningar för ett fossilfritt välfärdssamhälle
2019-01969,Visioner och förutsättningar för ett fossilfritt välfärdssamhälle
2019-01973,Visioner och förutsättningar för ett fossilfritt välfärdssamhälle
2019-01975,Visioner och förutsättningar för ett fossilfritt välfärdssamhälle
2019-01990,Visioner och förutsättningar för ett fossilfritt välfärdssamhälle
2019-01968,Visioner och förutsättningar för ett fossilfritt välfärdssamhälle
2019-01991,Visioner och förutsättningar för ett fossilfritt välfärdssamhälle
2019-01993,Visioner och förutsättningar för ett fossilfritt välfärdssamhälle
2019-01983,Visioner och förutsättningar för ett fossilfritt välfärdssamhälle
2019-01992,Visioner och förutsättningar för ett fossilfritt välfärdssamhälle
2019-01996,Visioner och förutsättningar för ett fossilfritt välfärdssamhälle
2019-01995,Visioner och förutsättningar för ett fossilfritt välfärdssamhälle
2019-02016,Visioner och förutsättningar för ett fossilfritt välfärdssamhälle
2019-02007,Visioner och förutsättningar för ett fossilfritt välfärdssamhälle
2019-02020,Visioner och förutsättningar för ett fossilfritt välfärdssamhälle
2019-02023,Visioner och förutsättningar för ett fossilfritt välfärdssamhälle
2019-02011,Visioner och förutsättningar för ett fossilfritt välfärdssamhälle
2019-02012,Visioner och förutsättningar för ett fossilfritt välfärdssamhälle
2019-02005,Visioner och förutsättningar för ett fossilfritt välfärdssamhälle
2019-02454,Utökad samverkan och nyttiggörande inom livsmedelsområdet
2019-02463,Utökad samverkan och nyttiggörande inom livsmedelsområdet
2019-02470,Utökad samverkan och nyttiggörande inom livsmedelsområdet
2019-02473,Utökad samverkan och nyttiggörande inom livsmedelsområdet
2019-02476,Utökad samverkan och nyttiggörande inom livsmedelsområdet
2019-02483,Utökad samverkan och nyttiggörande inom livsmedelsområdet
2019-02488,Utökad samverkan och nyttiggörande inom livsmedelsområdet
2019-02492,Utökad samverkan och nyttiggörande inom livsmedelsområdet
2019-02495,Utökad samverkan och nyttiggörande inom livsmedelsområdet
